{
  "Use Non-ASCII Font" : false,
  "Tags" : [

  ],
  "Ansi 12 Color" : {
    "Red Component" : 0.41568627450980394,
    "Color Space" : "sRGB",
    "Blue Component" : 0.70588235294117652,
    "Alpha Component" : 1,
    "Green Component" : 0.58431372549019611
  },
  "Ansi 6 Color" : {
    "Red Component" : 0.30588235294117649,
    "Color Space" : "sRGB",
    "Blue Component" : 0.65490196078431373,
    "Alpha Component" : 1,
    "Green Component" : 0.63137254901960782
  },
  "Draw Powerline Glyphs" : true,
  "Bold Color" : {
    "Red Component" : 0.80000000000000004,
    "Color Space" : "sRGB",
    "Blue Component" : 0.83921568627450982,
    "Alpha Component" : 1,
    "Green Component" : 0.81176470588235294
  },
  "Normal Font" : "JetBrainsMono-Regular 20",
  "Link Color" : {
    "Red Component" : 0.74117647058823533,
    "Color Space" : "sRGB",
    "Blue Component" : 0.59999999999999998,
    "Alpha Component" : 1,
    "Green Component" : 0.48627450980392156
  },
  "Ansi 1 Color" : {
    "Red Component" : 0.62352941176470589,
    "Color Space" : "sRGB",
    "Blue Component" : 0.43529411764705883,
    "Alpha Component" : 1,
    "Green Component" : 0.43529411764705883
  },
  "Rows" : 25,
  "Default Bookmark" : "No",
  "Guid" : "749B9827-E71C-449B-B43E-5D7299F87D6B",
  "Cursor Guide Color" : {
    "Red Component" : 0.70213186740875244,
    "Color Space" : "sRGB",
    "Blue Component" : 1,
    "Alpha Component" : 0.25,
    "Green Component" : 0.9268307089805603
  },
  "Non-ASCII Anti Aliased" : true,
  "Use Bright Bold" : true,
  "Ansi 10 Color" : {
    "Red Component" : 0.46666666666666667,
    "Color Space" : "sRGB",
    "Blue Component" : 0.49411764705882355,
    "Alpha Component" : 1,
    "Green Component" : 0.61960784313725492
  },
  "Ambiguous Double Width" : false,
  "Jobs to Ignore" : [
    "rlogin",
    "ssh",
    "slogin",
    "telnet"
  ],
  "Ansi 15 Color" : {
    "Red Component" : 0.80000000000000004,
    "Color Space" : "sRGB",
    "Blue Component" : 0.83921568627450982,
    "Alpha Component" : 1,
    "Green Component" : 0.81176470588235294
  },
  "Foreground Color" : {
    "Red Component" : 0.59999999999999998,
    "Color Space" : "sRGB",
    "Blue Component" : 0.67450980392156867,
    "Alpha Component" : 1,
    "Green Component" : 0.62352941176470589
  },
  "Working Directory" : "\/Users\/karam",
  "Blinking Cursor" : true,
  "Disable Window Resizing" : true,
  "Sync Title" : false,
  "Prompt Before Closing 2" : false,
  "BM Growl" : false,
  "Command" : "",
  "Description" : "Default",
  "Mouse Reporting" : true,
  "Screen" : -1,
  "Selection Color" : {
    "Red Component" : 0.27450980392156865,
    "Color Space" : "sRGB",
    "Blue Component" : 0.42745098039215684,
    "Alpha Component" : 1,
    "Green Component" : 0.32156862745098042
  },
  "Initial Use Transparency" : true,
  "Columns" : 80,
  "Idle Code" : 0,
  "Background Image Mode" : 0,
  "Ansi 13 Color" : {
    "Red Component" : 0.63921568627450975,
    "Color Space" : "sRGB",
    "Blue Component" : 0.80784313725490198,
    "Alpha Component" : 1,
    "Green Component" : 0.50980392156862742
  },
  "Custom Command" : "No",
  "ASCII Anti Aliased" : true,
  "Non Ascii Font" : "Monaco 12",
  "Vertical Spacing" : 1.2,
  "Use Bold Font" : true,
  "Option Key Sends" : 0,
  "Selected Text Color" : {
    "Red Component" : 1,
    "Color Space" : "sRGB",
    "Blue Component" : 1,
    "Alpha Component" : 1,
    "Green Component" : 1
  },
  "Background Color" : {
    "Red Component" : 0.13333333333333333,
    "Color Space" : "sRGB",
    "Blue Component" : 0.20784313725490197,
    "Alpha Component" : 1,
    "Green Component" : 0.15686274509803921
  },
  "Character Encoding" : 4,
  "Ansi 11 Color" : {
    "Red Component" : 0.61960784313725492,
    "Color Space" : "sRGB",
    "Blue Component" : 0.40392156862745099,
    "Alpha Component" : 1,
    "Green Component" : 0.5607843137254902
  },
  "Use Italic Font" : false,
  "Unlimited Scrollback" : false,
  "Keyboard Map" : {
    "0xf728-0x80000" : {
      "Action" : 10,
      "Text" : "d"
    },
    "0xf702-0x280000" : {
      "Action" : 10,
      "Text" : "b"
    },
    "0xf70d-0x20000" : {
      "Action" : 10,
      "Text" : "[21;2~"
    },
    "0x7f-0x80000" : {
      "Action" : 11,
      "Text" : "0x1b 0x7f"
    },
    "0xf708-0x20000" : {
      "Action" : 10,
      "Text" : "[15;2~"
    },
    "0x33-0x40000" : {
      "Action" : 11,
      "Text" : "0x1b"
    },
    "0xf703-0x260000" : {
      "Action" : 10,
      "Text" : "[1;6C"
    },
    "0xf729-0x20000" : {
      "Action" : 10,
      "Text" : "[1;2H"
    },
    "0xf702-0x260000" : {
      "Action" : 10,
      "Text" : "[1;6D"
    },
    "0x38-0x40000" : {
      "Action" : 11,
      "Text" : "0x7f"
    },
    "0xf72b-0x40000" : {
      "Action" : 10,
      "Text" : "[1;5F"
    },
    "0xf70c-0x20000" : {
      "Action" : 10,
      "Text" : "[20;2~"
    },
    "0xf701-0x260000" : {
      "Action" : 10,
      "Text" : "[1;6B"
    },
    "0x32-0x40000" : {
      "Action" : 11,
      "Text" : "0x00"
    },
    "0xf707-0x20000" : {
      "Action" : 10,
      "Text" : "[1;2S"
    },
    "0xf703-0x240000" : {
      "Action" : 10,
      "Text" : "[1;5C"
    },
    "0xf700-0x260000" : {
      "Action" : 10,
      "Text" : "[1;6A"
    },
    "0xf702-0x240000" : {
      "Action" : 10,
      "Text" : "[1;5D"
    },
    "0xf703-0x300000" : {
      "Action" : 11,
      "Text" : "0x5"
    },
    "0x37-0x40000" : {
      "Action" : 11,
      "Text" : "0x1f"
    },
    "0x3-0x200000" : {
      "Action" : 11,
      "Text" : "0xd"
    },
    "0xf701-0x240000" : {
      "Action" : 10,
      "Text" : "[1;5B"
    },
    "0xf702-0x300000" : {
      "Action" : 11,
      "Text" : "0x1"
    },
    "0xf703-0x220000" : {
      "Action" : 10,
      "Text" : "[1;2C"
    },
    "0xf739-0x0" : {
      "Action" : 13,
      "Text" : ""
    },
    "0xf70b-0x20000" : {
      "Action" : 10,
      "Text" : "[19;2~"
    },
    "0xf728-0x0" : {
      "Action" : 11,
      "Text" : "0x4"
    },
    "0xf706-0x20000" : {
      "Action" : 10,
      "Text" : "[1;2R"
    },
    "0xf700-0x240000" : {
      "Action" : 10,
      "Text" : "[1;5A"
    },
    "0xf702-0x220000" : {
      "Action" : 10,
      "Text" : "[1;2D"
    },
    "0x36-0x40000" : {
      "Action" : 11,
      "Text" : "0x1e"
    },
    "0xf70f-0x20000" : {
      "Action" : 10,
      "Text" : "[24;2~"
    },
    "0xf701-0x220000" : {
      "Action" : 10,
      "Text" : "[1;2B"
    },
    "0xf70a-0x20000" : {
      "Action" : 10,
      "Text" : "[18;2~"
    },
    "0xf729-0x40000" : {
      "Action" : 10,
      "Text" : "[1;5H"
    },
    "0xf72b-0x20000" : {
      "Action" : 10,
      "Text" : "[1;2F"
    },
    "0xf700-0x220000" : {
      "Action" : 10,
      "Text" : "[1;2A"
    },
    "0x30-0x200000" : {
      "Action" : 12,
      "Text" : "0"
    },
    "0xf705-0x20000" : {
      "Action" : 10,
      "Text" : "[1;2Q"
    },
    "0x31-0x200000" : {
      "Action" : 12,
      "Text" : "1"
    },
    "0x33-0x200000" : {
      "Action" : 12,
      "Text" : "3"
    },
    "0x35-0x40000" : {
      "Action" : 11,
      "Text" : "0x1d"
    },
    "0x34-0x200000" : {
      "Action" : 12,
      "Text" : "4"
    },
    "0x32-0x200000" : {
      "Action" : 12,
      "Text" : "2"
    },
    "0x35-0x200000" : {
      "Action" : 12,
      "Text" : "5"
    },
    "0x36-0x200000" : {
      "Action" : 12,
      "Text" : "6"
    },
    "0x37-0x200000" : {
      "Action" : 12,
      "Text" : "7"
    },
    "0x2d-0x40000" : {
      "Action" : 11,
      "Text" : "0x1f"
    },
    "0x38-0x200000" : {
      "Action" : 12,
      "Text" : "8"
    },
    "0x2a-0x200000" : {
      "Action" : 12,
      "Text" : "*"
    },
    "0x39-0x200000" : {
      "Action" : 12,
      "Text" : "9"
    },
    "0x2b-0x200000" : {
      "Action" : 12,
      "Text" : "+"
    },
    "0xf70e-0x20000" : {
      "Action" : 10,
      "Text" : "[23;2~"
    },
    "0x2e-0x200000" : {
      "Action" : 12,